Simulation,Tiempo promedio,GGrr (s),yyrr (s),rrGG (s),rryy (s),Autos r_0,Autos r_1
1,70.08048192771085,20.797548073895125,3.2858284293827693,12.57926692960796,4.742645989728478,15000,10000
2,75.58940744625066,47.05580208667722,4.773003294457728,18.168463526202835,3.7983881574311447,3000,10000
3,61.910347903657446,28.44423462597216,3.77233156091244,21.312687755351647,4.992959414474655,7500,2000
4,58.80976277372263,26.197666885944773,4.690528530512975,59.16188185588467,2.2429123320941358,7500,10000
5,57.76879370629371,18.6541542262817,3.9034336145367865,15.28199591464256,2.8836495649268388,1500,6000
6,76.34901122394442,15.643472729809517,2.7757267662113043,55.63640932818461,4.10150827896682,6000,14000
7,66.56005719733079,44.16201126391649,4.122589347920044,22.92888635291699,3.211532634265555,13500,12000
8,62.07512597343106,50.39792960617509,3.4153614082046064,29.645013413959152,3.880212107545704,4500,14000
9,44.085350318471335,35.16076739079122,4.333368829052842,49.23142884798356,3.381950367622033,16500,8000
10,81.38189845474614,10.05219777414715,4.124722623318835,34.64871281142467,2.6129324050286007,16500,12000
1,56.34612031386225,23.5057198418664,3.94701753133506,43.38172320391243,4.210143808328184,13500,12000
2,90.75445058317986,52.61237030365738,4.685903563862473,10.78779015425307,4.288649163803022,10500,2000
3,79.51199563794984,55.95342998365,4.34641386877977,17.843914679410787,3.2895196851261668,4500,16000
4,33.2425137072965,15.9800536957684,2.5540549169690694,20.97683801532618,2.592255561563964,12000,16000
5,30.93223905723906,13.010096066168188,2.078712437890294,13.702770320905683,2.6054615988113072,4500,10000
6,45.1128010139417,31.880573445392542,4.406087231089875,51.7783338883686,4.744945201533573,12000,12000
7,78.75582024905252,43.27818784238806,3.5151320222849467,14.757303157602593,4.117301216602633,16500,16000
8,35.942096365173285,18.82823614041692,3.831992291334376,20.2584454910163,4.816842400891542,7500,6000
9,82.95192845164897,11.192196614319013,2.746657861937849,42.20069195107293,4.479905585661751,6000,20000
10,47.91624365482234,46.24661637586721,4.062603592136843,55.45251415990335,4.97855426250729,13500,2000
11,43.83967851099831,42.07176549936655,4.698422679331147,38.147831754240606,4.096155466906236,4500,14000
12,64.9891713747646,52.77263702913701,4.582340930299552,29.05751732361128,3.38425272547548,15000,14000
13,47.25556021821234,44.21233761627569,4.987667494271991,58.98479963402504,2.669382795484443,10500,14000
14,37.98730964467005,26.583611599528165,3.902117459023121,29.66197913148636,2.9089665004126117,9000,18000
15,67.01739971000484,18.50494312172512,2.9800823188192878,48.38558880719719,3.1636679650257555,7500,18000
16,35.24408783783784,16.111667909254592,4.253393553201729,20.772381932384683,4.043357118324902,7500,18000
17,32.65472175379426,12.419210052949545,2.3114770708698518,17.593855107162277,2.21821317841436,1500,18000
18,66.725,46.93036568363854,3.4014734299916274,24.15605908292845,4.28235085813354,16500,8000
19,66.46489563567363,28.195769889091007,2.0398670199595483,14.921415012846786,2.590676652559196,19500,16000
20,70.60179640718563,16.918741562364932,4.671603051042987,46.49836893667241,3.2787424190177124,1500,20000
21,38.83726812816189,33.21458889563352,3.5582732797672443,31.164870925645367,2.090691498707458,15000,16000
22,36.19839594765724,19.382546354046905,2.750473675009455,28.987430868134847,3.072593097067976,16500,14000
23,60.28660994178236,44.58636267521608,2.897172068384115,28.336474885555464,3.803807590160496,4500,4000
24,90.40634533251983,54.90753437245233,2.312492348074845,11.114573450639412,4.670627874148871,15000,12000
25,45.57480980557904,45.91535789764961,3.959370101010129,44.53681564247149,4.523872167686997,12000,6000
26,85.07287449392713,50.334679983992594,2.8479846934037365,12.50445353602407,3.1849893614300235,18000,18000
27,73.58898521162672,34.13204633195005,3.949286570222587,14.348404724376891,2.131644242749494,13500,14000
28,44.3663282571912,40.013653218084926,2.2898378507616743,55.810230221540486,2.2528651948491185,19500,12000
29,64.93605189990733,38.21805219810214,4.911829865293414,24.224675541049987,4.9650708791665785,13500,10000
30,66.65737626141278,44.5327427527463,4.6180337700802845,22.603024758794835,2.194592339348921,1500,18000
31,41.27241962774958,35.30449484603653,2.5895881928713207,45.28692539303442,2.1491631292080022,19500,18000
32,41.19346627068308,29.395757400523877,3.761463643618781,25.120638926791173,4.13549158230889,13500,14000
33,47.634550084889646,54.87495673538068,4.875320589617212,45.88311750536541,3.141351022330028,10500,20000
34,61.79175996417376,23.854705596529087,4.478312571133931,17.31526253939996,2.557522121897161,13500,8000
35,66.31789976133652,46.30099016263553,2.689323096982506,22.91964224735811,2.6213974313495667,16500,4000
36,79.85823754789271,45.62052451603764,4.6921656743802185,14.459092001445642,2.350804920978418,15000,12000
37,45.18518518518518,49.890477130823214,2.671935731982275,44.76854981357575,3.743323865120896,1500,18000
38,57.73878276321635,56.24701745559983,2.3561087189348298,36.06948500311411,3.95760882045442,6000,18000
39,66.02027345591702,32.614658820059525,2.821394820218504,18.73084716971467,4.06741546784874,16500,2000
40,78.27843986998917,50.60938028315555,3.121674992019924,16.9412606520613,4.669507590110403,3000,12000
41,52.07633262260128,29.39129639627882,2.5519255973590917,55.45496961771308,3.84992603871544,18000,14000
42,76.64177545691906,41.2485820893308,4.699103744826241,16.79256422136218,4.891006746653713,13500,14000
43,77.91318157755425,13.362798961009087,4.859078154289364,37.94372511474329,4.83391569909842,15000,12000
44,65.81507165973186,23.68791008281132,3.5761225048100247,15.846864075322262,4.516976832166906,15000,12000
45,56.42694663167104,23.28142312954489,3.421285469170109,43.915154118745086,4.649495294121278,1500,6000
46,88.8847072879331,55.345214004722976,3.4668911595030547,12.610860277349776,4.861407687756751,7500,6000
47,43.64194915254237,44.11220945016773,4.184063207303902,36.55500628714488,3.654126812342572,6000,10000
48,88.66487133453022,10.428726668118296,3.605342842413625,51.51060615810287,3.565213671852638,7500,10000
49,55.397678417884784,36.2385883836401,3.0570896063885296,28.110354603997823,4.244779437786796,13500,10000
50,40.136882129277566,38.29814430220463,2.8855938186767194,30.749563629787083,2.4620770652919077,1500,12000
51,72.83707865168539,16.30811231591812,3.2309936184510137,49.88878398107905,3.5540109580780475,3000,6000
52,43.63547840812871,38.72543026816344,3.321061936002704,46.90975358605251,3.386929494271561,13500,2000
53,77.15059927045336,21.05492664853417,4.592185347853201,10.242618188215832,4.617774912109825,1500,4000
54,76.26349206349207,15.593053729031976,4.120651741527172,52.88848477737925,3.248662753343081,3000,6000
55,36.70042194092827,19.2968327554266,4.7604734470295975,27.482938530436517,2.588163546617536,4500,16000
56,39.060093101989,27.418142760997466,3.7673493029552936,35.64527468497987,2.742273288110644,12000,2000
57,38.61115807269653,34.82735823696131,2.5792127373107805,29.90272117308335,2.6505484311988274,1500,6000
58,45.35069885641677,46.3754525181222,2.8109564025713896,48.06630134236672,4.088755105106635,10500,12000
59,80.09636563876651,42.79936662311932,3.188492275247772,13.279054029813985,3.222576499090636,9000,6000
60,78.68060836501901,44.24997694077368,2.8144679857474486,14.240607178520932,3.386702457375089,13500,10000
61,41.0385266723116,37.39116930319159,4.766995605017304,33.52042872652997,2.469696010316995,16500,20000
62,45.00465313028765,36.7485315024846,3.288869180017736,52.86897426469415,4.491526956469892,6000,8000
63,39.670891423743136,31.577432739498686,2.9297003449429733,38.21567004198311,2.371488759873179,7500,2000
64,47.471905365441486,49.648506540211685,4.372611724536284,56.29714905102566,2.6462415541199573,6000,18000
65,45.313983050847455,51.32656468723284,2.4086679214626168,40.37423763886566,3.5049825275922872,3000,12000
66,44.392705682782015,46.37043810601865,4.514046304677635,38.1861870272251,3.4343370350961653,1500,12000
67,42.16891891891892,33.22410604922724,2.2057000058754017,47.03665652890955,3.728683474696125,4500,10000
68,36.7497886728656,18.14514163111818,2.9539723056749256,17.492855987420672,4.665445187509467,7500,8000
69,51.7604970008569,31.50348405420401,4.607828807782366,58.73442447872278,2.424723553113284,13500,12000
70,62.47336729967578,55.53244346209055,2.355090703234426,30.920010923101916,3.1410226889869826,13500,12000
71,64.2113783533765,35.8712245719897,2.525853509872288,21.209976842079776,4.261850509473229,4500,10000
72,68.88637457871931,12.800862177994109,4.316598828524622,28.2872804950314,2.2352203334636496,1500,8000
73,38.947168216398985,31.23466222734738,2.121184266813053,26.97654900260751,4.892950153141593,10500,20000
74,59.184435447593344,57.16775853025533,2.65422409700954,35.62441194635797,4.219019501399977,18000,14000
75,60.16614837849845,36.57887554446084,3.1996527325600512,24.568646781785574,3.2726794997330995,19500,12000
76,59.08495575221239,39.40127843183065,2.475316424281117,26.766704520920975,3.9492910112144894,19500,16000
77,44.25337837837838,31.674245069225904,4.326460064732992,54.19459947082435,2.424346305514306,1500,8000
78,43.76450656501483,36.10702657890886,3.5630116992562817,47.46183299725773,4.031763506755944,6000,12000
79,65.65469613259668,20.54467441112888,4.450408054384464,13.902237249879914,2.779884196864203,19500,8000
80,32.100294985250734,11.010003279958363,3.777040315371293,12.79611345503183,2.3316182358299296,10500,6000
81,35.12278481012658,20.788046424738862,2.3384129062906416,24.69064855706897,3.5439392049916894,18000,10000
82,68.89877750611247,14.984742302641845,2.562175463719239,38.00885821818468,3.11045403616011,1500,2000
83,61.038164470695136,48.04116525338953,2.3327397708723923,28.516442896650908,2.8801976414317303,16500,10000
84,80.76447876447877,47.80109526724453,3.426194352854365,14.84089618626266,4.074142333917534,19500,2000
85,76.20349761526232,52.938087846420025,4.721455750021685,18.828007294054345,2.357279290119475,16500,12000
86,49.05494505494506,52.75351775660787,4.708081942889616,56.10003938754957,3.8448823296237857,6000,18000
87,37.94249471458774,21.671978153394875,4.841211206248819,30.18648977721472,3.406814927720505,15000,2000
88,41.263935810810814,32.939689054732995,2.7187938150026585,40.11807573314832,4.436802495803001,4500,12000
89,40.30092983939138,33.56260128290418,4.210039537001492,36.729088012933474,2.4660597779856426,16500,14000
90,46.97164621244181,40.79005288843276,4.658354386267529,56.219152763373096,3.507679785823114,19500,4000
91,47.3655550865344,52.72529430699693,2.6479374382335776,59.97632889528567,2.234258636961628,15000,4000
92,57.4336917562724,25.263022274244516,2.418013758088612,54.9185839894879,3.538370522946776,1500,18000
93,74.03037974683544,23.982697522751742,4.309572183726788,11.479201163767236,3.4773747076125003,18000,10000
94,51.64700854700855,24.882662219781984,2.0602967900867224,45.08844091740435,4.64724933919509,10500,6000
95,44.55038103302286,32.89423290457562,4.1754375355635736,54.02546584929329,2.923802293579432,6000,18000
96,52.63608827347469,31.42883145974082,2.5404846893011523,58.79714357934104,4.246092868655141,19500,2000
97,67.97584541062803,15.200751729834051,2.0293469000475937,36.84065810306383,4.279538796036446,3000,18000
98,41.45204900718209,37.12599725640155,2.954401174832662,33.7292353090922,4.527445164909846,13500,14000
99,50.66424914675768,31.27638694425182,3.451390386498207,58.09031642514604,3.157650714750414,1500,6000
100,39.35487959442332,29.8644822589451,4.008622313491838,26.685488216971144,4.272186104250197,7500,20000
101,53.75827956989247,38.24689042209209,2.8432894865676266,28.49626415780185,2.823131081359108,10500,10000
102,43.75571549534293,33.082309112404175,2.6675632176030817,56.571256302141855,2.0386821105198853,13500,18000
103,34.65920608108108,19.49893920917273,3.23127908682193,22.669569492677663,2.889763402040844,13500,6000
104,44.81313559322034,42.04542382381373,4.188996345023886,43.53229052850983,4.587863807786976,16500,8000
105,67.89420775490666,13.66352719633195,4.114921610644206,31.02437425060944,2.815788673492955,16500,12000
106,71.34853090172238,49.66274590637668,3.685627027799719,20.20926224279235,2.060430593689521,13500,8000
107,35.823902027027025,23.11686214142817,2.848385834921738,28.69070918147125,2.1865926867879986,10500,6000
108,55.64639931004744,43.9410349043576,3.194360829535668,32.82594063076273,4.224053150209617,6000,12000
109,68.89911417322834,46.3632235012362,3.2163235354021222,21.293704393983703,2.843848487292836,10500,8000
110,41.90181972069404,36.91879704807117,2.42157196092412,45.78890889133321,2.6098624830662507,10500,18000
111,85.20759056929269,45.661107629088,3.4460713429994527,12.111721697940826,2.912317237753326,12000,6000
112,67.26082771896054,44.029293550377226,3.536503773726241,21.491895016847792,3.950448634847376,6000,6000
113,60.92021758839529,47.63924322106865,3.354871184907171,28.15101295378499,2.247747739893651,13500,14000
114,44.73050847457627,48.3184491294231,2.491064006976261,47.44710884933205,3.083804965962522,9000,4000
115,38.342760658505696,24.88358080160565,3.190009176584065,29.83418437476725,4.846680465092179,16500,8000
116,75.45421624418003,11.447692222806037,2.69967914481663,32.37706245103632,3.718787233648528,7500,4000
117,72.9883011190234,14.43195730007398,3.3190306141042214,42.79647708137769,3.082074163293423,13500,18000
118,61.668042182485095,52.78520307915319,2.567741281289451,30.61382630377962,3.808550102240684,18000,10000
119,88.64611736810907,10.47941482145782,3.1423702591409093,49.78652927727408,4.0774206934438055,12000,10000
120,42.08868243243244,41.25563486456488,3.09501004516858,38.75004725335661,2.554521470577459,10500,18000
121,39.53446088794926,32.94052147037044,2.7543006451967664,28.05207985445996,4.489361059032532,16500,14000
122,53.93249675465167,29.234379153247744,4.165080225097082,55.91665985537852,4.174587465884507,9000,12000
123,77.05136268343816,10.485115933076392,4.726793869283975,28.859545689277635,2.7003525895850204,12000,6000
124,42.33403805496829,39.13602105739047,2.8729401767886262,30.632569563786245,3.4038945710610324,16500,8000
125,69.33621517771374,10.4465343735498,4.481080748748472,20.378234427735983,2.3253090617613057,3000,4000
126,53.82158211521926,24.7739346710958,3.740964684380939,43.015790930103975,4.808312591287578,19500,10000
127,53.335486649440135,27.488404558767066,3.4975586792219424,53.06281327025284,2.295317296439298,18000,12000
128,63.45545911375057,27.307507812153688,2.7766316307119623,17.53788632892865,3.5890071449264056,19500,6000
129,43.49406779661017,38.70957895629211,2.054820394530209,47.04362840933637,4.349073338161714,13500,18000
130,64.1072921504877,17.93094676814819,3.787537736735743,39.46595506619172,3.836015680889793,9000,12000
131,59.16300527240773,26.69505198875521,2.03907369460227,19.43237840006612,4.18458501600055,19500,2000
132,73.80121703853955,27.23395541613433,4.773445732373793,12.384136628258066,2.3165909317726685,18000,20000
133,44.01058873358746,41.58070689073087,4.28918653823119,40.787114130329286,4.007964355807246,6000,6000
134,39.81614539306847,36.59421941718015,2.4178095183653343,32.28330137865467,3.606241831516309,15000,16000
135,80.51503340757239,58.96124890119313,2.758498373106796,16.677020355783704,2.5559989257344045,18000,12000
136,42.19610334603981,40.61801885420081,4.923173885652904,36.327646729544384,2.52964513397013,16500,4000
137,69.97826086956522,37.25524595599072,3.1019025648006835,17.097877154566383,2.5132063360424706,6000,8000
138,40.82811176968671,36.01940526989847,2.78568409595586,38.74206402300421,3.006101961684872,7500,2000
139,32.86298482293423,14.7486172601668,2.9747664765946564,18.40795459335607,2.74034658497604,10500,4000
140,70.10753221010901,40.264541921105504,2.15868337518794,18.30164778110626,4.105094996370596,18000,6000
141,47.21328819297503,54.23377614469727,2.165266247685554,56.82348385573982,2.1343221080647865,9000,8000
142,70.15792103948026,18.922937180369743,3.950463574082911,53.51928019845042,3.982523549482635,3000,16000
143,40.00972927241963,30.59067858708054,2.8996050612384185,41.75441631311796,2.0185476266296454,15000,2000
144,41.413778529163146,37.90846046926552,4.101161952050504,34.97268062593413,2.974218691681896,13500,20000
145,75.05831202046036,21.372361639434214,3.821632631707081,10.257817991705595,3.215783411604675,3000,20000
146,58.31685393258427,23.76875896956288,2.1448902308331323,52.237783625940494,2.4413400141863795,15000,6000
147,73.81929555895866,32.12114633518246,2.8448403491723315,13.628203725357576,3.180571837524258,4500,2000
148,67.01188777936281,13.689113220402906,4.482983411027621,30.642653281076097,2.5165066904177245,9000,18000
149,46.082412914188616,43.04866581830117,4.775266123002528,51.08116141999522,3.857643012943668,1500,16000
150,73.14651639344262,14.55517328868897,2.912619138220494,44.246668119925886,2.778948280788238,3000,10000
151,55.06039689387403,31.29034010636997,2.9160971958404893,23.02516090157018,2.19041897701526,3000,20000
152,45.65042372881356,55.18044476251428,2.265559362098195,45.293990331285215,2.8626822501440623,19500,6000
153,70.50637880274779,24.031130947462994,2.8988613855024803,12.337579232908215,3.2423917863188887,3000,10000
154,70.8836032388664,19.18693569687332,3.653616327581251,57.6154618339913,3.562568186598277,1500,14000
155,58.17383512544803,23.266160556875757,2.4991508415286425,50.332696141825984,3.003903813278099,19500,20000
156,69.54819574888779,15.47752642590982,2.402581780729178,42.46755928470221,3.229131328367608,16500,10000
157,84.11098398169337,36.86472611099709,2.662323054824598,10.050679897010165,3.0442253724696604,10500,20000
158,76.17714884696016,32.711298117829855,2.0260058475472738,12.104308095827443,3.7751535920904713,19500,16000
159,68.71738060068931,51.93212130496535,3.0145355094330144,24.31085714786555,4.856518955089939,9000,4000
160,60.11632100991885,18.963366159739028,4.260020268957446,38.744312787053886,2.192188201707287,3000,16000
161,42.61590524534687,36.84968898285477,3.07306311859296,47.78829874278763,2.3002342185051528,3000,14000
162,41.51925518408802,38.62192750529418,4.1151720721243485,36.45100968070714,2.5247114047348536,15000,2000
163,50.22594142259414,58.83919774568128,3.9220045507608887,59.70025245768485,3.8317510334578593,7500,10000
164,88.94353369763206,50.02993694656689,2.03390237394913,10.284888314790413,3.1448830532519274,16500,18000
165,35.37980566117448,19.95477548487821,2.4373999223889906,28.01621363500117,2.619881404866673,4500,18000
166,64.40065604498594,18.026341600898057,3.3703388183492566,42.180296727828726,3.370821820398751,13500,12000
167,38.82994923857868,26.51243462325888,3.5888907518434165,35.331987066461394,2.8599720439455663,9000,20000
168,59.45695067264574,56.75386988651391,3.2944786766655234,35.480033183819174,3.5320697455254946,4500,14000
169,54.53799654576856,18.51255074826805,2.564684284955622,34.15131482006498,2.40184526068588,3000,14000
170,41.506345177664976,27.31491804468035,4.738421466454181,37.71081989476287,4.747659965762008,12000,10000
171,44.51414098775855,38.13909383062758,4.358924004271825,51.87656689048733,2.166870749692136,4500,14000
172,67.17451923076923,14.948984765823594,2.9663364260092235,35.57414803378536,2.6703763002272884,3000,12000
173,67.38215962441315,24.5917997589397,4.543275839878827,16.06011021374809,4.6253019507479145,16500,6000
174,37.417159763313606,25.731885066459924,3.019200968735936,29.08706926860701,3.422790830689334,7500,10000
175,84.11690544412608,41.2457181275388,4.086585329735831,11.250594702168616,2.7673024032461218,9000,2000
176,81.45570321151716,46.21614850250919,4.428214065552318,14.395543507808286,3.6727259156139263,18000,8000
177,35.72485207100592,16.36017831018715,4.961702493527971,22.3596306157215,2.9822958168580525,15000,20000
178,43.79864349300552,43.803668855444336,4.456031398660616,38.80949669465335,3.527964765582375,1500,12000
179,81.55910364145659,43.89323584764071,3.227710852497678,13.182889059345722,4.148072134414598,16500,6000
180,47.125,51.46166634290282,2.8936829944751423,51.465294145835685,3.994821589280701,19500,14000
181,39.42223161453931,31.206115239350197,3.678001859415492,26.43345219802752,2.6921210250130665,1500,14000
182,46.63920574566962,46.30024179208572,3.736903766515647,53.78721063877905,3.6639398375340257,19500,14000
183,47.57997454391175,54.80556959396194,4.1992171464349,52.38819936423013,2.591684333210133,12000,14000
184,54.575043630017454,30.34442285657181,4.223097058462086,58.46876162674582,4.674927053695212,10500,8000
185,78.45912290200324,56.57812695157112,4.372860562651247,18.33995871319858,2.3532429221615336,15000,10000
186,81.80836630864896,57.88862999986968,3.411375752133464,16.02959534392179,2.954955146394367,18000,18000
187,47.31627906976744,47.17378948568757,4.969841225057845,57.778061623769645,2.262344989946273,9000,14000
188,65.20027247956403,17.17741990306429,3.86769375204807,13.722973900094466,4.787915658204744,13500,8000
189,80.5834719911259,53.76618327866685,2.503254991746345,16.354907287678614,4.548424041863436,10500,10000
190,45.10203217612193,45.28946068292169,2.0952870768594467,49.12551275206134,4.272423947303441,18000,10000
191,71.31949367088608,18.63042971871201,3.770080463961391,54.86564327944217,4.983824910766351,18000,18000
192,57.322056239015815,58.65028481770731,4.82461022829381,40.660727245558505,4.344650270780662,1500,2000
193,81.54732739420935,47.99873491636691,4.01054088057978,14.372936612713229,3.42243784261642,3000,20000
194,69.55108055009823,16.948731042819695,4.696129321377473,42.0553665469052,4.369082606465492,10500,4000
195,39.56479527226678,28.086807539647832,3.7447791697542616,37.655522782535215,2.677699291380563,9000,12000
196,40.52223634053368,26.71012216852371,3.934325177471951,38.979044679203575,3.815854849872673,12000,6000
197,34.8538234051542,21.62529631631776,2.9925052105594654,19.272068267793458,2.587758393752253,1500,18000
198,60.06438721136768,30.47554652474276,4.596370012694713,21.58671990503021,2.54380895306464,18000,2000
199,42.38230313293819,36.08568856720461,4.049076362907752,40.66232129366186,3.331750684104354,13500,16000
200,64.06126209120221,38.354758854064656,4.642438869573477,23.86150206297478,4.179991667105679,13500,16000
201,90.2460606060606,11.389886736528767,4.981898762589155,59.74389597923333,4.375334862528562,3000,2000
202,46.0462962962963,42.19355863949631,2.664014304716177,59.14898111034277,3.1207015771277105,18000,14000
203,40.39822259839188,24.02234848702178,3.464531721971813,40.82956529174774,3.793429406091855,1500,6000
204,41.89284201609488,36.17707321703214,2.351592715936072,43.9120046090746,3.9866046031801807,3000,8000
205,54.115055603079554,22.360269740979646,4.805334593361671,39.18696271296605,2.3201429518977545,13500,20000
206,74.53664921465969,52.89973229080911,2.952859827762397,19.387686209977367,3.529439207286268,18000,12000
207,66.50262780697564,55.81871106250608,4.65704949978447,28.85855472483709,4.4885598016795685,10500,6000
208,43.45658619229141,44.024008521154,2.869933242362316,36.99333919984926,4.741512483245961,13500,16000
209,48.11961115807269,54.700841024291606,3.3342006558995,57.79797436646805,2.3476970658154523,15000,2000
210,52.7480752780154,23.08156173882388,4.966302208062047,39.18214987095251,3.1581917504573744,6000,14000
211,36.13864306784661,18.06181338936925,4.775527286596485,24.715956612625813,2.8762860484330366,3000,12000
212,73.96446700507614,24.31698526773785,3.546865163851168,10.96411085455712,2.806197967957513,7500,14000
213,49.91385135135136,33.287540085123865,4.9192095424213225,58.43365460965791,3.1044999667882287,10500,2000
214,61.46160674656014,22.41275501627264,3.381309150275165,17.055848504140517,3.8422627684377137,1500,14000
215,81.98761261261261,47.71957715339484,2.9125412210395583,13.405122879502326,3.3388808586131997,1500,2000
216,69.7673076923077,18.71523674128892,3.913369430359917,11.733571485591378,4.465503765021823,3000,16000
217,73.1160760143811,57.23091547490613,2.834641878012784,22.0797462585444,3.4929979802099265,1500,16000
218,81.73265073947668,59.97126032305507,2.0110997472843133,15.897820044179795,2.5236720183230674,1500,2000
219,39.38461538461539,32.4878885568787,3.049439755711673,26.009640266444126,2.2397336388510034,1500,12000
220,70.89166666666667,12.412517906579753,4.80478948846786,28.076464170095115,2.9278146867235777,15000,6000
221,89.24089805825243,55.73622569355164,4.397995254825873,11.629630140376277,2.1721916268543997,3000,2000
222,42.875636672325975,34.052578789233465,4.121985417411573,42.46216985288082,4.748525484074966,6000,12000
223,63.19386331938633,19.11588430718458,3.668486073207488,43.33997481842856,3.169336850396172,10500,14000
224,46.04915254237288,55.705448516160175,2.681491325835889,45.06807848268596,2.5688464702689093,15000,4000
225,47.3113645965357,50.35283644808632,4.575795581958064,49.07245725747068,3.757723463485133,19500,20000
226,46.10880609652837,46.67208831990856,2.5556360126045896,52.25169029917366,4.405441747825208,15000,10000
227,78.64864864864865,14.522997630155343,4.302578027394875,52.570173343696695,2.680152646203181,15000,16000
228,66.13699284009546,51.84200345015814,3.4514246978455105,26.41947468635016,3.3149233445371045,4500,2000
229,46.047277332207685,38.66345833141291,3.35981279356828,56.27600531496073,3.8538045694460497,19500,10000
230,39.54522400676247,21.594212556387617,3.956005358744342,33.09412910605076,4.484517261106398,16500,6000
231,75.54796663190824,15.183971468482934,4.337928171016956,45.3256896199288,4.486855779612915,6000,18000
232,35.8546683565695,27.170131695575204,2.5093633610279484,24.55587358317928,2.5312644036906846,13500,2000
233,41.55103769589157,35.69061291898872,3.19070174029494,41.68355846038998,2.753659359694491,12000,12000
234,63.09896324222432,22.99868051786472,2.476010036324852,58.514739505573104,2.8732006848364238,4500,2000
235,40.7712833545108,28.59215725709588,2.673405475177792,42.89393140282879,3.825588634906936,4500,16000
236,78.6414686825054,34.497849076497864,3.0550855006149367,11.939080689231442,3.50570840832549,6000,18000
237,46.27918781725889,48.703280565919975,3.910867422267504,46.153667143435456,4.442814360535604,3000,16000
238,71.0809617271835,20.773558935333497,2.395647779406316,11.111684062342244,4.658104044818915,16500,16000
239,47.972573839662445,52.64810187822298,4.396816992507258,41.5792455986123,3.256638554338984,12000,8000
240,61.94095769409577,58.04001354193186,2.9281948313906,31.44826258558207,2.7824387946624567,15000,4000
241,44.21540414727042,44.582068610084704,3.110133344314677,42.45435046389814,4.154206392330159,15000,4000
242,67.1930409914204,33.25976927121262,2.429573582309088,17.758179784682607,4.293264847156015,19500,8000
243,45.08421498095641,42.62869068513788,3.5722587215711705,50.836219925535175,3.305360293148601,6000,12000
244,55.50454348766768,51.00061832812592,2.556041933102195,35.59208582673692,2.5786891595287,19500,8000
245,48.13615221987315,58.95239137307153,2.1278042518802245,51.691460377463976,3.839688779223701,10500,8000
246,75.98216159496327,48.78665620059007,4.564042462123076,18.921019654616863,4.6161469427251,18000,20000
247,43.2660744500846,34.847531609964264,3.7936803294114063,50.380112220920005,2.4771741457474143,4500,4000
248,45.20321761219306,43.999282625737166,2.1594334108615767,56.734185007324655,2.634159819068258,4500,4000
249,65.16481927710844,21.26703975948893,2.1818082816072715,59.13089967973657,2.183704448011224,18000,18000
250,78.39291553133515,14.10565016197723,3.416493920246128,53.6054052959513,2.1045996000030565,13500,8000
251,47.15635593220339,47.46129939027483,4.059760107809975,52.695148750560506,3.918736536033462,3000,10000
252,65.08063021316033,12.325042506580566,3.809433027707292,23.331765817605195,3.5079093608194625,4500,2000
253,74.98023920956838,13.472573202694402,2.4114649139208244,41.90533968254946,3.966142016831392,7500,20000
254,72.32313965341488,52.37920151733594,2.8724759390608976,20.929567233464446,3.143603731490937,4500,18000
255,64.99003795066413,50.89063303220408,2.5660109109624223,26.00115408726776,2.486472143823616,3000,16000
256,47.437049597286986,52.695701938763534,2.6551516939159527,50.46624537825878,4.908175678369434,7500,20000
257,79.63137685134394,59.32450137676827,4.446009495655984,18.85991305327334,3.999853159404272,9000,8000
258,77.82473684210527,10.714354042940608,3.324766504141987,29.96152647776345,4.28266953102064,18000,2000
259,75.24714434060229,13.608662630135695,3.844323583174074,42.37312069033054,2.7834734608250966,13500,12000
260,42.76269035532995,38.4209986451064,3.988339012645258,45.1790924407432,2.292802709475866,16500,2000
261,47.650106157112525,54.85683941098595,3.128048618462105,47.93829275549559,4.467141412772923,9000,8000
262,47.06115563053564,45.672329127708856,2.095757813645543,59.44205407662425,4.634331642407682,1500,14000
263,47.872,48.262628275624685,4.053525425079944,57.7091256234506,3.358853855426724,18000,18000
264,42.01953290870488,45.47577041495106,2.288123787419599,38.705836401592606,2.0079978419684146,1500,12000
265,39.35801946677952,32.408591169008886,2.942086627860237,30.66972284351994,3.687380816193414,6000,12000
266,60.26470588235294,25.87311028748001,2.9149639330101498,59.693994132275336,4.598870231601115,10500,20000
267,46.88151260504202,41.30169179521624,4.104919798492368,58.673227425860894,3.337204399822693,18000,14000
268,60.495285136955545,39.04143302336493,2.958763817142188,24.734630401035453,3.208908728092215,4500,2000
269,66.10504003768253,35.96803706858384,3.899541978295973,21.255969346051664,4.668976277040496,19500,20000
270,82.1258389261745,43.74670806264076,3.6172182573536382,13.323265899611,4.903414761369815,12000,6000
271,44.78785322648672,33.92512384500397,3.069978157489613,57.46287123968409,2.291268112150715,15000,14000
272,39.89100126742712,29.34094922572964,2.6318985885267145,39.365646635266856,3.130200782155684,4500,10000
273,81.91777777777777,14.551636754925052,4.912590340893609,55.38770284943882,4.528727359949486,1500,10000
274,46.15466101694916,48.83976683324421,2.177036659108056,51.6174713420892,4.824865630825379,18000,20000
275,48.81699070160609,55.28417347388692,4.660095067022644,48.2746254621834,4.602507362933372,4500,8000
276,38.76724502750741,20.94280148763673,4.038946482148698,31.82137347117361,4.002812910583635,9000,18000
277,34.516687790452046,19.42763981367585,3.074812932146233,22.40955202117996,2.700363906177153,6000,12000
278,38.077735530207015,24.948751647312868,4.185041610371289,29.026022110145878,3.79914079113596,13500,20000
279,57.4088713219148,49.43126180033143,4.026727504975941,34.02408495898362,2.929618460192628,10500,12000
280,56.63480929416922,23.046489815256844,3.3878305027575912,44.47686359448239,4.201577401291116,1500,14000
281,79.95714285714286,44.99336310054692,2.4429395713107755,13.868705614946736,3.632453464833578,13500,14000
282,76.3578947368421,11.660893918568483,2.1722419936089894,38.559017140085686,2.3837074253572768,15000,18000
283,62.58556513844757,14.34164100798305,3.277516793588596,27.427825025643205,2.9766824621743964,18000,20000
284,45.5206402695872,37.22111652181908,2.6302135829306685,57.34515344031627,3.658869627778631,19500,12000
285,92.80621118012422,10.035621780282714,3.778634580084024,56.85836654692173,4.6625468445565055,4500,8000
286,47.99154691462384,53.55777579822848,2.30193262583318,57.7370589158076,3.6135522769908857,6000,12000
287,70.7042042042042,56.2389408717931,4.803501856970245,25.015371295474367,4.602601261816556,15000,18000
288,50.43917785234899,55.90011267470863,4.911336002764209,57.45154509009708,4.309817491458453,15000,12000
289,52.773834972210345,36.95560620272961,4.746522783619627,29.90422189447008,4.360212431984357,15000,16000
290,55.17387543252595,19.799774511972466,3.666226199878214,35.170073204780095,3.1930769624494024,7500,16000
